"Activity","ActivityDateTime","AdditionalInfo","CorrelationId","DetectedDateTime","IPAddress","Id","LastUpdatedDateTime","City","CountryOrRegion","State","RequestId","RiskDetail","RiskEventType","RiskLevel","RiskState","DetectionTimingType","Source","TokenIssuerType","UserDisplayName","UserId","UserPrincipalName","AdditionalProperties"
"signin","1/26/2025 8:20:44 PM","[{""Key"":""userAgent"",""Value"":""Windows-AzureAD-Authentication-Provider/1.0""},{""Key"":""relatedEventTimeInUtc"",""Value"":""2025-01-26T20:03:50.268201Z""},{""Key"":""relatedUserAgent"",""Value"":""""},{""Key"":""deviceInformation"",""Value"":""""},{""Key"":""relatedLocation"",""Value"":{""clientIP"":""62.74.24.201"",""latitude"":null,""longitude"":null,""asn"":null,""countryCode"":""GR"",""countryName"":null,""state"":null,""city"":null}},{""Key"":""requestId"",""Value"":""667ec883-02ae-4eed-a49b-fbc911382b00""},{""Key"":""correlationId"",""Value"":""31db5544-50d6-4feb-a609-848ed78c276a""},{""Key"":""mitreTechniques"",""Value"":""T1078""}]","31db5544-50d6-4feb-a609-848ed78c276a","1/27/2025 1:33:44 AM","172.205.146.219","7ab12e5b2e42054a71963c6370ac289e1e41e900783c284718d30afb84bb158d","1/27/2025 1:53:53 AM","Amsterdam","NL","Noord-Holland","667ec883-02ae-4eed-a49b-fbc911382b00","none","unlikelyTravel","low","atRisk","offline","IdentityProtection","AzureAD","18294604","b102db55-6825-467d-9386-3ba2422950b0","18294604@bonacu.onmicrosoft.com",""
"signin","1/27/2025 9:59:58 AM","[{""Key"":""riskReasons"",""Value"":[""UnfamiliarASN"",""UnfamiliarDevice"",""UnfamiliarIP"",""UnfamiliarLocation"",""UnfamiliarEASId"",""UnfamiliarTenantIPsubnet""]},{""Key"":""userAgent"",""Value"":""Mozilla/5.0 (Macintosh; Intel Mac OS X 10_15_7) AppleWebKit/537.36 (KHTML, like Gecko) Chrome/132.0.0.0 Safari/537.36""},{""Key"":""alertUrl"",""Value"":null},{""Key"":""mitreTechniques"",""Value"":""T1078.004""}]","fd61e937-d87f-4937-8188-00fdf249aa71","1/27/2025 9:59:58 AM","94.127.55.204","4f9b7f7940264ce41b8102bc54d7e6710992a16cf9c9391d7d146cca06be2708","1/27/2025 10:02:10 AM","Kobenhavn","DK","Hovedstaden","de4fe081-5ca4-404e-8e3b-9bdc0cd15f00","userPassedMFADrivenByRiskBasedPolicy","unfamiliarFeatures","low","remediated","realtime","IdentityProtection","AzureAD","Korstiaan","c7855e7c-897e-4ced-b66f-f8b981641bf3","Korstiaan@bonacu.onmicrosoft.com",""
"signin","1/30/2025 7:47:59 AM","[{""Key"":""riskReasons"",""Value"":[""UnfamiliarASN"",""UnfamiliarBrowser"",""UnfamiliarDevice"",""UnfamiliarIP"",""UnfamiliarLocation"",""UnfamiliarEASId"",""UnfamiliarTenantIPsubnet""]},{""Key"":""userAgent"",""Value"":""Mozilla/5.0 (Windows NT 10.0; Win64; x64; rv:134.0) Gecko/20100101 Firefox/134.0""},{""Key"":""alertUrl"",""Value"":null},{""Key"":""mitreTechniques"",""Value"":""T1078.004""}]","560bc687-435d-4153-aaca-5d9337aeb1b7","1/30/2025 7:47:59 AM","130.41.90.18","b1f1f6ae6c80f773799264725327dbc7efcdfdfe0a0c0e5672b012f83699fb9e","1/30/2025 7:50:13 AM","Singapore","SG","Central Singapore","f41ebb02-79d8-4a78-a533-6440e88fba00","userPassedMFADrivenByRiskBasedPolicy","unfamiliarFeatures","low","remediated","realtime","IdentityProtection","AzureAD","17627063","4bafa424-f9db-49c0-9b30-867f1ec7dfda","17627063@bonacu.onmicrosoft.com",""
"user","1/30/2025 7:47:59 AM","[{""Key"":""riskReasons"",""Value"":[""NotSet""]},{""Key"":""userAgent"",""Value"":""Mozilla/5.0 (Windows NT 10.0; Win64; x64; rv:134.0) Gecko/20100101 Firefox/134.0""},{""Key"":""alertUrl"",""Value"":""""},{""Key"":""mitreTechniques"",""Value"":""T1078,T1539""}]","560bc687-435d-4153-aaca-5d9337aeb1b7","1/30/2025 8:25:32 PM","130.41.90.18","fa49e4032ec2f8617936901e51029bd66c0ef6c2886afa343aa1b9e71e4969b7","1/30/2025 8:25:32 PM","Singapore","SG","Central Singapore","f41ebb02-79d8-4a78-a533-6440e88fba00","none","anomalousToken","medium","atRisk","offline","IdentityProtection","AzureAD","17627063","4bafa424-f9db-49c0-9b30-867f1ec7dfda","17627063@bonacu.onmicrosoft.com",""
"signin","2/2/2025 6:28:31 PM","[{""Key"":""userAgent"",""Value"":""Windows-AzureAD-Authentication-Provider/1.0""},{""Key"":""relatedEventTimeInUtc"",""Value"":""2025-02-02T18:18:15.396205Z""},{""Key"":""relatedUserAgent"",""Value"":""""},{""Key"":""deviceInformation"",""Value"":""""},{""Key"":""relatedLocation"",""Value"":{""clientIP"":""2a02:8070:e182:1ea0:8516:99c0:8d80:1147"",""latitude"":null,""longitude"":null,""asn"":null,""countryCode"":""DE"",""countryName"":null,""state"":null,""city"":null}},{""Key"":""requestId"",""Value"":""9dbca367-70b9-4878-a9a2-5e63ac9a1800""},{""Key"":""correlationId"",""Value"":""945b48c6-886f-4649-adda-3c5d9b2199bf""},{""Key"":""mitreTechniques"",""Value"":""T1078""}]","945b48c6-886f-4649-adda-3c5d9b2199bf","2/2/2025 11:35:05 PM","172.205.146.219","4db72cae5e8de0f276d3ab46aebbae7707dae62c866a5f7be5f170cabd68e0da","2/3/2025 12:14:45 AM","Amsterdam","NL","Noord-Holland","9dbca367-70b9-4878-a9a2-5e63ac9a1800","none","unlikelyTravel","low","atRisk","offline","IdentityProtection","AzureAD","18056018","fa1ae5ea-bc6f-468e-92ce-f301a2eee2ae","18056018@bonacu.onmicrosoft.com",""
"signin","2/8/2025 3:03:09 PM","[{""Key"":""riskReasons"",""Value"":[""UnfamiliarASN"",""UnfamiliarBrowser"",""UnfamiliarDevice"",""UnfamiliarIP"",""UnfamiliarLocation"",""UnfamiliarEASId"",""UnfamiliarTenantIPsubnet""]},{""Key"":""userAgent"",""Value"":""Windows-AzureAD-Authentication-Provider/1.0""},{""Key"":""alertUrl"",""Value"":null},{""Key"":""mitreTechniques"",""Value"":""T1078.004""}]","ec30527f-422c-4206-9428-7e58257509a6","2/8/2025 3:03:09 PM","172.205.146.219","59b99b2afe012b1980bd871fd1f51e32fff65c970dc7fbbd1ee705b06a85fe5f","2/8/2025 8:03:42 PM","Amsterdam","NL","Noord-Holland","a79d8d82-2242-4df5-8b51-28894ba36c00","none","unfamiliarFeatures","medium","atRisk","realtime","IdentityProtection","AzureAD","17717070","bfa7b985-aba6-465c-8999-09ab8552c400","17717070@bonacu.onmicrosoft.com",""
"signin","2/9/2025 1:32:02 PM","[{""Key"":""userAgent"",""Value"":""Windows-AzureAD-Authentication-Provider/1.0""},{""Key"":""relatedEventTimeInUtc"",""Value"":""2025-02-09T13:30:48.768441Z""},{""Key"":""relatedUserAgent"",""Value"":""""},{""Key"":""deviceInformation"",""Value"":""""},{""Key"":""relatedLocation"",""Value"":{""clientIP"":""2a02:1210:720f:c00:bcda:5e76:b291:b957"",""latitude"":null,""longitude"":null,""asn"":null,""countryCode"":""CH"",""countryName"":null,""state"":null,""city"":null}},{""Key"":""requestId"",""Value"":""5586dee4-29d3-4fb1-a739-d76405e37f00""},{""Key"":""correlationId"",""Value"":""80b4b0f0-dd0b-406b-bb90-9e90e61bd020""},{""Key"":""mitreTechniques"",""Value"":""T1078""}]","80b4b0f0-dd0b-406b-bb90-9e90e61bd020","2/9/2025 6:30:13 PM","172.205.146.219","33402342f0d91c2b8f4802f25e30c407102bc69fdfef4276721a036536ca7a9b","2/9/2025 7:20:02 PM","Amsterdam","NL","Noord-Holland","5586dee4-29d3-4fb1-a739-d76405e37f00","none","unlikelyTravel","low","atRisk","offline","IdentityProtection","AzureAD","15572568","48ea86e4-3861-432a-a2d8-feb0a41c8a17","15572568@bonacu.onmicrosoft.com",""
"signin","2/17/2025 2:48:07 AM","[{""Key"":""riskReasons"",""Value"":[""UnfamiliarBrowser"",""UnfamiliarDevice"",""UnfamiliarIP"",""UnfamiliarLocation"",""UnfamiliarEASId"",""UnfamiliarTenantIPsubnet""]},{""Key"":""userAgent"",""Value"":""Mozilla/5.0 (Windows NT 10.0; Win64; x64) AppleWebKit/537.36 (KHTML, like Gecko) Chrome/133.0.0.0 Safari/537.36 Edg/133.0.0.0 OS/10.0.26100""},{""Key"":""alertUrl"",""Value"":null},{""Key"":""mitreTechniques"",""Value"":""T1078.004""}]","cc8e44bd-18ea-4bc2-8f28-dcd686847aec","2/17/2025 2:48:07 AM","163.116.202.28","0014dcdb57100e6bacf6b4c29bd46c44be536f65327bc1f31b7c78df0450ee75","2/17/2025 2:50:29 AM","Perth","AU","Western Australia","fa080f8e-bf75-4636-a9cb-169eea7f0700","aiConfirmedSigninSafe","unfamiliarFeatures","low","dismissed","realtime","IdentityProtection","AzureAD","16737255","f4121d9b-b0c5-40f8-9c03-fc4dcece9bf3","16737255@bonacu.onmicrosoft.com",""
"signin","2/19/2025 1:46:23 AM","[{""Key"":""riskReasons"",""Value"":[""UnfamiliarASN"",""UnfamiliarBrowser"",""UnfamiliarDevice"",""UnfamiliarIP"",""UnfamiliarLocation"",""UnfamiliarEASId"",""UnfamiliarTenantIPsubnet""]},{""Key"":""userAgent"",""Value"":""Mozilla/5.0 (Macintosh; Intel Mac OS X 10_15_7) AppleWebKit/537.36 (KHTML, like Gecko) Chrome/133.0.0.0 Safari/537.36""},{""Key"":""alertUrl"",""Value"":null},{""Key"":""mitreTechniques"",""Value"":""T1078.004""}]","7a56292c-7919-46ed-b531-eebc2a6d3ad3","2/19/2025 1:44:10 AM","120.149.0.102","f2e09f956e537284a11d172f30fe0c51c0144601d3d3b86092a1f6e5b2f7a1e4","2/19/2025 1:48:02 AM","Dayton","AU","Western Australia","b07adc80-8c9d-4056-af1f-0ffb1cb94400","userPassedMFADrivenByRiskBasedPolicy","unfamiliarFeatures","low","remediated","realtime","IdentityProtection","AzureAD","16737255","f4121d9b-b0c5-40f8-9c03-fc4dcece9bf3","16737255@bonacu.onmicrosoft.com",""
"signin","2/19/2025 1:53:03 PM","[{""Key"":""riskReasons"",""Value"":[""UnfamiliarASN"",""UnfamiliarBrowser"",""UnfamiliarDevice"",""UnfamiliarIP"",""UnfamiliarLocation"",""UnfamiliarEASId"",""UnfamiliarTenantIPsubnet""]},{""Key"":""userAgent"",""Value"":""Windows-AzureAD-Authentication-Provider/1.0""},{""Key"":""alertUrl"",""Value"":null},{""Key"":""mitreTechniques"",""Value"":""T1078.004""}]","35edba27-b824-4642-979b-a67655cf8f9f","2/19/2025 1:53:03 PM","172.205.146.219","c1be962bb59a34f86660ab1e5d384eb7459fae9c487f1834df7ebb72a003a8a4","2/19/2025 8:39:30 PM","Amsterdam","NL","Noord-Holland","a5ac173b-48d5-4f36-b4c7-f447746f2a00","none","unfamiliarFeatures","medium","atRisk","realtime","IdentityProtection","AzureAD","17115268","042b4d0f-3663-4803-bd0d-cf848df68ec9","17115268@bonacu.onmicrosoft.com",""
"signin","2/23/2025 4:50:36 PM","[{""Key"":""riskReasons"",""Value"":[""UnfamiliarASN"",""UnfamiliarBrowser"",""UnfamiliarDevice"",""UnfamiliarIP"",""UnfamiliarLocation"",""UnfamiliarEASId"",""UnfamiliarTenantIPsubnet""]},{""Key"":""userAgent"",""Value"":""Windows-AzureAD-Authentication-Provider/1.0""},{""Key"":""alertUrl"",""Value"":null},{""Key"":""mitreTechniques"",""Value"":""T1078.004""}]","2063abf9-5896-4fa2-b1b6-92c52ce13049","2/23/2025 4:50:36 PM","172.205.146.219","46de11883b0083efd363fc262124a7798752b0bdf2a7bea898fe1cdc3094637e","2/23/2025 10:36:59 PM","Amsterdam","NL","Noord-Holland","92b5f4b7-1ede-4674-81b6-acd19c0c3d00","none","unfamiliarFeatures","low","atRisk","realtime","IdentityProtection","AzureAD","17659621","7f212dd1-d991-44cb-8a53-b93176380f7b","17659621@bonacu.onmicrosoft.com",""
"signin","2/23/2025 4:50:36 PM","[{""Key"":""userAgent"",""Value"":""Windows-AzureAD-Authentication-Provider/1.0""},{""Key"":""relatedEventTimeInUtc"",""Value"":""2025-02-23T16:50:07.406138Z""},{""Key"":""relatedUserAgent"",""Value"":""""},{""Key"":""deviceInformation"",""Value"":""""},{""Key"":""relatedLocation"",""Value"":{""clientIP"":""2a02:8108:470d:3b00:bc9e:f222:c642:3cfe"",""latitude"":null,""longitude"":null,""asn"":null,""countryCode"":""DE"",""countryName"":null,""state"":null,""city"":null}},{""Key"":""requestId"",""Value"":""92b5f4b7-1ede-4674-81b6-acd19c0c3d00""},{""Key"":""correlationId"",""Value"":""2063abf9-5896-4fa2-b1b6-92c52ce13049""},{""Key"":""mitreTechniques"",""Value"":""T1078""}]","2063abf9-5896-4fa2-b1b6-92c52ce13049","2/23/2025 9:28:50 PM","172.205.146.219","c53f0984f9a4b31e8220570ddeccedb67d79fc459762ba9255877aeea0206835","2/23/2025 10:36:59 PM","Amsterdam","NL","Noord-Holland","92b5f4b7-1ede-4674-81b6-acd19c0c3d00","none","unlikelyTravel","low","atRisk","offline","IdentityProtection","AzureAD","17659621","7f212dd1-d991-44cb-8a53-b93176380f7b","17659621@bonacu.onmicrosoft.com",""
"signin","3/3/2025 4:13:28 PM","[{""Key"":""riskReasons"",""Value"":[""UnfamiliarASN"",""UnfamiliarBrowser"",""UnfamiliarDevice"",""UnfamiliarIP"",""UnfamiliarLocation"",""UnfamiliarEASId"",""UnfamiliarTenantIPsubnet""]},{""Key"":""userAgent"",""Value"":""Windows-AzureAD-Authentication-Provider/1.0""},{""Key"":""alertUrl"",""Value"":null},{""Key"":""mitreTechniques"",""Value"":""T1078.004""}]","1edc96f7-c5f0-4501-a560-49e2d79d9077","3/3/2025 4:13:28 PM","172.205.146.219","26aa1a9a533edab115776233d110167c7b1a82f117fe34d596073502e9e7d967","3/3/2025 4:15:02 PM","Amsterdam","NL","Noord-Holland","87a4bdc3-773d-4e66-b875-eac3ce25bf00","none","unfamiliarFeatures","low","atRisk","realtime","IdentityProtection","AzureAD","17803263","c6be820c-d2b3-42d6-b9ae-f8a66cf54eb4","17803263@bonacu.onmicrosoft.com",""
"signin","3/17/2025 9:09:06 AM","[{""Key"":""userAgent"",""Value"":""Windows-AzureAD-Authentication-Provider/1.0""},{""Key"":""relatedEventTimeInUtc"",""Value"":""2025-03-17T09:08:30.102892Z""},{""Key"":""relatedUserAgent"",""Value"":""""},{""Key"":""deviceInformation"",""Value"":""""},{""Key"":""relatedLocation"",""Value"":{""clientIP"":""84.167.138.233"",""latitude"":null,""longitude"":null,""asn"":null,""countryCode"":""DE"",""countryName"":null,""state"":null,""city"":null}},{""Key"":""requestId"",""Value"":""da74ff5b-3baa-4540-b620-5bb8205b0e00""},{""Key"":""correlationId"",""Value"":""596ba792-1596-4a7c-b1ef-9485a7cab36b""},{""Key"":""mitreTechniques"",""Value"":""T1078""}]","596ba792-1596-4a7c-b1ef-9485a7cab36b","3/17/2025 10:28:42 PM","172.205.146.219","cc2bbe843ceec29ab5d9cea2c4ff312adbf67a36e03dc59029bb0cb941f7275f","3/17/2025 11:03:19 PM","Amsterdam","NL","Noord-Holland","da74ff5b-3baa-4540-b620-5bb8205b0e00","none","unlikelyTravel","low","atRisk","offline","IdentityProtection","AzureAD","18680384","3d9b1eaa-59f6-4c64-831f-90dd82d04a5e","18680384@bonacu.onmicrosoft.com",""
"signin","3/26/2025 5:46:43 PM","[{""Key"":""riskReasons"",""Value"":[""UnfamiliarASN"",""UnfamiliarBrowser"",""UnfamiliarDevice"",""UnfamiliarIP"",""UnfamiliarLocation"",""UnfamiliarEASId"",""UnfamiliarTenantIPsubnet""]},{""Key"":""userAgent"",""Value"":""Windows-AzureAD-Authentication-Provider/1.0""},{""Key"":""alertUrl"",""Value"":null},{""Key"":""mitreTechniques"",""Value"":""T1078.004""}]","846f0b9d-53eb-43ad-afb6-849fd5563598","3/26/2025 5:46:43 PM","172.205.146.219","6a6f439736c16c03f906e4a8e06899533ca8902b933de1fa70c88aae585abc58","3/26/2025 11:07:05 PM","Amsterdam","NL","Noord-Holland","4029c107-62e2-4e49-a340-fe8994663200","none","unfamiliarFeatures","medium","atRisk","realtime","IdentityProtection","AzureAD","blackhat01","7944667d-060c-48bd-8d4a-6d67e4636de7","blackhat01@bonacu.onmicrosoft.com",""
"signin","3/26/2025 5:50:25 PM","[{""Key"":""userAgent"",""Value"":""Windows-AzureAD-Authentication-Provider/1.0""},{""Key"":""relatedEventTimeInUtc"",""Value"":""2025-03-26T17:31:32.975087Z""},{""Key"":""relatedUserAgent"",""Value"":""""},{""Key"":""deviceInformation"",""Value"":""""},{""Key"":""relatedLocation"",""Value"":{""clientIP"":""173.72.158.7"",""latitude"":null,""longitude"":null,""asn"":null,""countryCode"":""US"",""countryName"":null,""state"":null,""city"":null}},{""Key"":""requestId"",""Value"":""b34a0bad-6b83-4883-bd12-ec045b529b00""},{""Key"":""correlationId"",""Value"":""b5baf516-f944-4a31-abd2-0eefc9ee9410""},{""Key"":""mitreTechniques"",""Value"":""T1078""}]","b5baf516-f944-4a31-abd2-0eefc9ee9410","3/26/2025 10:50:44 PM","172.205.146.219","4d47d4bc477a26c6473d77278185f63b59e5d3dc78c68d65eee7f7e7ad2fd8c1","3/26/2025 11:15:28 PM","Amsterdam","NL","Noord-Holland","b34a0bad-6b83-4883-bd12-ec045b529b00","none","unlikelyTravel","low","atRisk","offline","IdentityProtection","AzureAD","blackhat04","f1727a40-88bb-4a6e-b77b-abd4177a8d7a","blackhat04@bonacu.onmicrosoft.com",""
"signin","3/26/2025 5:50:14 PM","[{""Key"":""userAgent"",""Value"":""Windows-AzureAD-Authentication-Provider/1.0""},{""Key"":""relatedEventTimeInUtc"",""Value"":""2025-03-26T17:18:02.787007Z""},{""Key"":""relatedUserAgent"",""Value"":""""},{""Key"":""deviceInformation"",""Value"":""""},{""Key"":""relatedLocation"",""Value"":{""clientIP"":""168.93.55.231"",""latitude"":null,""longitude"":null,""asn"":null,""countryCode"":""US"",""countryName"":null,""state"":null,""city"":null}},{""Key"":""requestId"",""Value"":""b85b55e2-9620-4ee8-88da-f0645f04a200""},{""Key"":""correlationId"",""Value"":""e34468cc-5bb9-4627-b086-4d3153e68bf5""},{""Key"":""mitreTechniques"",""Value"":""T1078""}]","e34468cc-5bb9-4627-b086-4d3153e68bf5","3/26/2025 10:50:44 PM","172.205.146.219","6db84e6edebef2edb82da039b261816fdbc4fad3883f1e625784df2da3aff95d","3/26/2025 11:57:17 PM","Amsterdam","NL","Noord-Holland","b85b55e2-9620-4ee8-88da-f0645f04a200","none","unlikelyTravel","low","atRisk","offline","IdentityProtection","AzureAD","blackhat02","245e1393-2529-44d6-89d2-e4a12f6be086","blackhat02@bonacu.onmicrosoft.com",""
"signin","4/15/2025 8:15:59 AM","[{""Key"":""userAgent"",""Value"":""Mozilla/5.0 (X11; Ubuntu; Linux x86_64; rv:130.0) Gecko/20100101 Firefox/130.0""},{""Key"":""mitreTechniques"",""Value"":""T1090.003,T1078""}]","4282849e-faa7-4807-a1b6-34c2c02a1f20","4/15/2025 8:15:59 AM","194.110.115.55","75c61ead9df23b1668a1e52b72cc4a0aa23cd9ce4b8697a136186cf0ee92eec1","4/15/2025 8:17:45 AM","Zaventem","BE","Vlaams-Brabant","b9056e69-384a-47f3-a00c-1f32d6fa4d00","userPassedMFADrivenByRiskBasedPolicy","anonymizedIPAddress","low","remediated","realtime","IdentityProtection","AzureAD","James Thomas","48e06c3e-2adf-4964-abcd-66a8b57b6091","jthomas@bonacu.onmicrosoft.com",""
"signin","4/15/2025 8:16:21 AM","[{""Key"":""userAgent"",""Value"":""Mozilla/5.0 (X11; Ubuntu; Linux x86_64; rv:130.0) Gecko/20100101 Firefox/130.0""},{""Key"":""mitreTechniques"",""Value"":""T1090.003,T1078""}]","cce1e028-38b2-46ff-849b-cb24a935e89a","4/15/2025 8:16:21 AM","194.110.115.55","6de04e0fe1d9c0c9f7f54da7b3519f1428c7b6b61b9be5e89e745f58c6c76400","4/15/2025 8:19:38 AM","Zaventem","BE","Vlaams-Brabant","16ee80e6-3486-4d10-ad4e-7f8ac9408c00","userPassedMFADrivenByRiskBasedPolicy","anonymizedIPAddress","low","remediated","realtime","IdentityProtection","AzureAD","James Thomas","48e06c3e-2adf-4964-abcd-66a8b57b6091","jthomas@bonacu.onmicrosoft.com",""
"signin","4/16/2025 6:03:06 AM","[{""Key"":""userAgent"",""Value"":""Mozilla/5.0 (X11; Ubuntu; Linux x86_64; rv:135.0) Gecko/20100101 Firefox/135.0""},{""Key"":""mitreTechniques"",""Value"":""T1090.003,T1078""}]","96be6d9c-42c5-4a2d-a05e-2d635f0fcc5c","4/16/2025 6:03:06 AM","194.110.115.19","8dcf57ba7dea475c36400a1f2ddacb9d7a6d46a8fdc8cd96b8d5142887fb299f","4/16/2025 6:06:38 AM","Zaventem","BE","Vlaams-Brabant","63bfc877-90be-448d-b9e3-c1b803b4ad00","userPassedMFADrivenByRiskBasedPolicy","anonymizedIPAddress","medium","remediated","realtime","IdentityProtection","AzureAD","Mary Davis","1c49dbe0-ade6-4c02-b1bd-162c3e00dbd2","davism@bonacu.onmicrosoft.com",""
"signin","4/16/2025 8:08:57 AM","[{""Key"":""userAgent"",""Value"":""Mozilla/5.0 (X11; Ubuntu; Linux x86_64; rv:130.0) Gecko/20100101 Firefox/130.0""},{""Key"":""mitreTechniques"",""Value"":""T1090.003,T1078""}]","01963da4-dbe4-7ca8-a89f-061045348f8c","4/16/2025 8:08:57 AM","154.47.16.50","54be6931a4d9f607115d96b929f92fe074e8978717709ad3bd28d13aa84c9b36","4/16/2025 8:10:08 AM","Bogota","CO","Distrito Capital","882cf1ee-d6b1-446e-9819-41fa8bb3ad00","none","anonymizedIPAddress","medium","atRisk","realtime","IdentityProtection","AzureAD","James Thomas","48e06c3e-2adf-4964-abcd-66a8b57b6091","jthomas@bonacu.onmicrosoft.com",""
"signin","4/16/2025 8:10:39 AM","[{""Key"":""userAgent"",""Value"":""Mozilla/5.0 (X11; Ubuntu; Linux x86_64; rv:130.0) Gecko/20100101 Firefox/130.0""},{""Key"":""mitreTechniques"",""Value"":""T1090.003,T1078""}]","01963da6-6ba9-73e1-861b-792f232cd78e","4/16/2025 8:10:39 AM","154.47.16.50","cb94b8aecec121c12a4d37134ca4f9162b4cd7bb10d27af3b28560190579666e","4/16/2025 8:12:24 AM","Bogota","CO","Distrito Capital","882cf1ee-d6b1-446e-9819-41fa2ecead00","none","anonymizedIPAddress","medium","atRisk","realtime","IdentityProtection","AzureAD","James Thomas","48e06c3e-2adf-4964-abcd-66a8b57b6091","jthomas@bonacu.onmicrosoft.com",""
"signin","4/16/2025 8:25:57 AM","[{""Key"":""userAgent"",""Value"":""Mozilla/5.0 (X11; Linux x86_64) AppleWebKit/537.36 (KHTML, like Gecko) Chrome/135.0.0.0 Safari/537.36""},{""Key"":""mitreTechniques"",""Value"":""T1090.003,T1078""}]","70bde423-ede0-4d3e-9349-9c87c16268e8","4/16/2025 8:25:57 AM","194.110.115.7","b401d4a83e1445563498bcc6df6d98aa678d766da26676aab17500c850959da4","4/16/2025 8:27:55 AM","Zaventem","BE","Vlaams-Brabant","2f284bea-24f5-4337-8ade-a3ac02498a00","userPassedMFADrivenByRiskBasedPolicy","anonymizedIPAddress","medium","remediated","realtime","IdentityProtection","AzureAD","James Thomas","48e06c3e-2adf-4964-abcd-66a8b57b6091","jthomas@bonacu.onmicrosoft.com",""
"signin","4/16/2025 8:26:33 AM","[{""Key"":""userAgent"",""Value"":""Mozilla/5.0 (X11; Linux x86_64) AppleWebKit/537.36 (KHTML, like Gecko) Chrome/135.0.0.0 Safari/537.36""},{""Key"":""mitreTechniques"",""Value"":""T1090.003,T1078""}]","70bde423-ede0-4d3e-9349-9c87c16268e8","4/16/2025 8:26:33 AM","194.110.115.7","da31fec45e84db4e1c7d9ef4ebb9dcf81124bfb129dad25d1c32d95161313e4b","4/16/2025 8:29:19 AM","Zaventem","BE","Vlaams-Brabant","fdae530f-aa20-41fe-b018-a33b30a30400","userPassedMFADrivenByRiskBasedPolicy","anonymizedIPAddress","medium","remediated","realtime","IdentityProtection","AzureAD","James Thomas","48e06c3e-2adf-4964-abcd-66a8b57b6091","jthomas@bonacu.onmicrosoft.com",""
"signin","4/16/2025 8:28:30 AM","[{""Key"":""userAgent"",""Value"":""Mozilla/5.0 (X11; Ubuntu; Linux x86_64; rv:135.0) Gecko/20100101 Firefox/135.0""},{""Key"":""mitreTechniques"",""Value"":""T1090.003,T1078""}]","b28cb1dd-bda2-44b9-a6b5-29b8a86a3669","4/16/2025 8:28:30 AM","154.47.16.42","4101a6cbea82707be054e6a6119117b0a5caca0672be61d8acf474822e877286","4/16/2025 8:31:32 AM","Bogota","CO","Distrito Capital","73a9e90a-9ec4-4bfc-8f4a-c48bfd5fa900","userPassedMFADrivenByRiskBasedPolicy","anonymizedIPAddress","medium","remediated","realtime","IdentityProtection","AzureAD","James Thomas","48e06c3e-2adf-4964-abcd-66a8b57b6091","jthomas@bonacu.onmicrosoft.com",""
"signin","4/16/2025 8:37:11 AM","[{""Key"":""userAgent"",""Value"":""Mozilla/5.0 (X11; Ubuntu; Linux x86_64; rv:135.0) Gecko/20100101 Firefox/135.0""},{""Key"":""mitreTechniques"",""Value"":""T1090.003,T1078""}]","cab2054b-ddc7-44fc-9770-c895f7fc1f61","4/16/2025 8:37:11 AM","154.47.16.42","54c24ea9c62144a283f1f59766a42a3fd5780c13ebc28c3783678381784f9e14","4/16/2025 8:40:55 AM","Bogota","CO","Distrito Capital","cc20589c-f70a-44c3-b505-edc6bd669e00","userPassedMFADrivenByRiskBasedPolicy","anonymizedIPAddress","medium","remediated","realtime","IdentityProtection","AzureAD","James Thomas","48e06c3e-2adf-4964-abcd-66a8b57b6091","jthomas@bonacu.onmicrosoft.com",""
"signin","4/16/2025 8:47:12 AM","[{""Key"":""userAgent"",""Value"":""Mozilla/5.0 (X11; Ubuntu; Linux x86_64; rv:135.0) Gecko/20100101 Firefox/135.0""},{""Key"":""mitreTechniques"",""Value"":""T1090.003,T1078""}]","9625200d-fc7d-436a-93c7-d4c25046e769","4/16/2025 8:47:12 AM","154.47.16.42","7d2b45ee4896d4e1cf7b0721ee8920fddf56dff61daa4d738ebaeacfd90e5311","4/16/2025 8:51:03 AM","Bogota","CO","Distrito Capital","6fcaee08-13d3-4150-a58a-251f0ddd3800","userPassedMFADrivenByRiskBasedPolicy","anonymizedIPAddress","medium","remediated","realtime","IdentityProtection","AzureAD","James Thomas","48e06c3e-2adf-4964-abcd-66a8b57b6091","jthomas@bonacu.onmicrosoft.com",""
"user","4/16/2025 8:08:44 AM","[{""Key"":""riskReasons"",""Value"":[""NotSet""]},{""Key"":""userAgent"",""Value"":""Mozilla/5.0 (X11; Ubuntu; Linux x86_64; rv:130.0) Gecko/20100101 Firefox/130.0""},{""Key"":""alertUrl"",""Value"":""""},{""Key"":""mitreTechniques"",""Value"":""T1078,T1539""}]","04f20006-e02b-4ead-98e9-2f5e5493832a","4/16/2025 7:24:58 PM","154.47.16.50","b0a459caec5c94e2c39251f82f60f10d5f21489086df3aa2c69cedea105d4f5e","4/16/2025 7:24:58 PM","Bogota","CO","Distrito Capital","7646c656-fb5d-4de4-9dea-310c2daa0300","none","anomalousToken","medium","atRisk","offline","IdentityProtection","AzureAD","James Thomas","48e06c3e-2adf-4964-abcd-66a8b57b6091","jthomas@bonacu.onmicrosoft.com",""
"signin","4/18/2025 11:10:58 AM","[{""Key"":""riskReasons"",""Value"":[""UnfamiliarASN"",""UnfamiliarBrowser"",""UnfamiliarDevice"",""UnfamiliarIP"",""UnfamiliarLocation"",""UnfamiliarEASId"",""UnfamiliarTenantIPsubnet""]},{""Key"":""userAgent"",""Value"":""Mozilla/5.0 (Windows NT 10.0; Win64; x64) AppleWebKit/537.36 (KHTML, like Gecko) Chrome/135.0.0.0 Safari/537.36 Edg/135.0.0.0 OS/10.0.26100""},{""Key"":""alertUrl"",""Value"":null},{""Key"":""mitreTechniques"",""Value"":""T1078.004""}]","f8079582-8156-72d4-3dfd-b7f577077e30","4/18/2025 11:10:58 AM","2001:1c04:3608:3400:c574:f807:d65e:eb2d","bcd2c3fbd2a23b853489827d2287d058f091906a8dc6c8b50df126c865787641","4/18/2025 11:12:24 AM","Nieuw-Vennep","NL","Noord-Holland","e91824b5-22f6-43ad-bccd-6879a0a2d600","aiConfirmedSigninSafe","unfamiliarFeatures","low","dismissed","realtime","IdentityProtection","AzureAD","David Garcia","eaeb782e-de48-43a9-bc8f-1c7d317358da","garciad@bonacu.onmicrosoft.com",""
"signin","1/24/2025 3:42:17 AM","[{""Key"":""riskReasons"",""Value"":[""UnfamiliarASN"",""UnfamiliarBrowser"",""UnfamiliarDevice"",""UnfamiliarIP"",""UnfamiliarLocation"",""UnfamiliarEASId"",""UnfamiliarTenantIPsubnet""]},{""Key"":""userAgent"",""Value"":""Windows-AzureAD-Authentication-Provider/1.0""},{""Key"":""alertUrl"",""Value"":null},{""Key"":""mitreTechniques"",""Value"":""T1078.004""}]","ef422e45-59cc-43f2-bfaa-a2b91bcbcd7f","1/24/2025 3:42:17 AM","172.205.146.219","d8fedfe9b653947e11ad92eed70f5032e7cff5c9ab910e025047d664460777a8","1/24/2025 9:42:26 AM","Amsterdam","NL","Noord-Holland","1de484a9-7de3-4751-aba0-559cdbdf3e00","none","unfamiliarFeatures","medium","atRisk","realtime","IdentityProtection","AzureAD","18240535","019e27b8-bf3e-4e34-8b32-e2562f554791","18240535@bonacu.onmicrosoft.com",""
"signin","1/24/2025 3:42:17 AM","[{""Key"":""userAgent"",""Value"":""Windows-AzureAD-Authentication-Provider/1.0""},{""Key"":""relatedEventTimeInUtc"",""Value"":""2025-01-24T03:40:19.244061Z""},{""Key"":""relatedUserAgent"",""Value"":""""},{""Key"":""deviceInformation"",""Value"":""""},{""Key"":""relatedLocation"",""Value"":{""clientIP"":""124.157.112.185"",""latitude"":null,""longitude"":null,""asn"":null,""countryCode"":""NZ"",""countryName"":null,""state"":null,""city"":null}},{""Key"":""requestId"",""Value"":""1de484a9-7de3-4751-aba0-559cdbdf3e00""},{""Key"":""correlationId"",""Value"":""ef422e45-59cc-43f2-bfaa-a2b91bcbcd7f""},{""Key"":""mitreTechniques"",""Value"":""T1078""}]","ef422e45-59cc-43f2-bfaa-a2b91bcbcd7f","1/24/2025 8:32:58 AM","172.205.146.219","899700e4c211418c614710245245e82fb074cada3fe17e3139fac58e727c689c","1/24/2025 9:42:26 AM","Amsterdam","NL","Noord-Holland","1de484a9-7de3-4751-aba0-559cdbdf3e00","none","unlikelyTravel","low","atRisk","offline","IdentityProtection","AzureAD","18240535","019e27b8-bf3e-4e34-8b32-e2562f554791","18240535@bonacu.onmicrosoft.com",""
"signin","1/26/2025 8:20:44 PM","[{""Key"":""riskReasons"",""Value"":[""UnfamiliarASN"",""UnfamiliarBrowser"",""UnfamiliarDevice"",""UnfamiliarIP"",""UnfamiliarLocation"",""UnfamiliarEASId"",""UnfamiliarTenantIPsubnet""]},{""Key"":""userAgent"",""Value"":""Windows-AzureAD-Authentication-Provider/1.0""},{""Key"":""alertUrl"",""Value"":null},{""Key"":""mitreTechniques"",""Value"":""T1078.004""}]","31db5544-50d6-4feb-a609-848ed78c276a","1/26/2025 8:20:44 PM","172.205.146.219","cf4f6ea45e4fb304f3a6864699972d2cff499b81c50b63352b24ddec4910951b","1/27/2025 1:53:53 AM","Amsterdam","NL","Noord-Holland","667ec883-02ae-4eed-a49b-fbc911382b00","none","unfamiliarFeatures","medium","atRisk","realtime","IdentityProtection","AzureAD","18294604","b102db55-6825-467d-9386-3ba2422950b0","18294604@bonacu.onmicrosoft.com",""
"signin","1/27/2025 11:30:40 PM","[{""Key"":""riskReasons"",""Value"":[""UnfamiliarASN"",""UnfamiliarBrowser"",""UnfamiliarDevice"",""UnfamiliarIP"",""UnfamiliarLocation"",""UnfamiliarEASId"",""UnfamiliarTenantIPsubnet""]},{""Key"":""userAgent"",""Value"":""Windows-AzureAD-Authentication-Provider/1.0""},{""Key"":""alertUrl"",""Value"":null},{""Key"":""mitreTechniques"",""Value"":""T1078.004""}]","d383790c-9086-405c-bb6d-ead1ec09ab59","1/27/2025 11:30:40 PM","172.205.146.219","8b0f5ed785f0252037c423f9cd062989d4c176e21d6896d37103778f98bb9e5b","1/28/2025 6:41:51 AM","Amsterdam","NL","Noord-Holland","190a3ebf-8233-4e31-91e4-0517892e5600","none","unfamiliarFeatures","medium","atRisk","realtime","IdentityProtection","AzureAD","18246091","257bf776-56e3-420b-8a2f-a7b8e2e98a5a","18246091@bonacu.onmicrosoft.com",""
"signin","1/27/2025 11:30:40 PM","[{""Key"":""userAgent"",""Value"":""Windows-AzureAD-Authentication-Provider/1.0""},{""Key"":""relatedEventTimeInUtc"",""Value"":""2025-01-27T22:39:48.303376Z""},{""Key"":""relatedUserAgent"",""Value"":""""},{""Key"":""deviceInformation"",""Value"":""""},{""Key"":""relatedLocation"",""Value"":{""clientIP"":""151.204.255.12"",""latitude"":null,""longitude"":null,""asn"":null,""countryCode"":""US"",""countryName"":null,""state"":null,""city"":null}},{""Key"":""requestId"",""Value"":""190a3ebf-8233-4e31-91e4-0517892e5600""},{""Key"":""correlationId"",""Value"":""d383790c-9086-405c-bb6d-ead1ec09ab59""},{""Key"":""mitreTechniques"",""Value"":""T1078""}]","d383790c-9086-405c-bb6d-ead1ec09ab59","1/28/2025 5:39:07 AM","172.205.146.219","3e033746ecf331c706db9e2b3b9f8c02fd068dbe57c1d77f85fd3c85764052c","1/28/2025 6:41:51 AM","Amsterdam","NL","Noord-Holland","190a3ebf-8233-4e31-91e4-0517892e5600","none","unlikelyTravel","low","atRisk","offline","IdentityProtection","AzureAD","18246091","257bf776-56e3-420b-8a2f-a7b8e2e98a5a","18246091@bonacu.onmicrosoft.com",""
"signin","2/2/2025 6:28:31 PM","[{""Key"":""riskReasons"",""Value"":[""UnfamiliarASN"",""UnfamiliarBrowser"",""UnfamiliarDevice"",""UnfamiliarIP"",""UnfamiliarLocation"",""UnfamiliarEASId"",""UnfamiliarTenantIPsubnet""]},{""Key"":""userAgent"",""Value"":""Windows-AzureAD-Authentication-Provider/1.0""},{""Key"":""alertUrl"",""Value"":null},{""Key"":""mitreTechniques"",""Value"":""T1078.004""}]","945b48c6-886f-4649-adda-3c5d9b2199bf","2/2/2025 6:28:31 PM","172.205.146.219","94f6021d26e1bd146b9f14b738ce483f64c96e510dbe467de7373f34fdcf4886","2/3/2025 12:14:45 AM","Amsterdam","NL","Noord-Holland","9dbca367-70b9-4878-a9a2-5e63ac9a1800","none","unfamiliarFeatures","low","atRisk","realtime","IdentityProtection","AzureAD","18056018","fa1ae5ea-bc6f-468e-92ce-f301a2eee2ae","18056018@bonacu.onmicrosoft.com",""
"signin","2/8/2025 3:03:09 PM","[{""Key"":""userAgent"",""Value"":""Windows-AzureAD-Authentication-Provider/1.0""},{""Key"":""relatedEventTimeInUtc"",""Value"":""2025-02-08T14:43:11.773657Z""},{""Key"":""relatedUserAgent"",""Value"":""""},{""Key"":""deviceInformation"",""Value"":""""},{""Key"":""relatedLocation"",""Value"":{""clientIP"":""2a02:2f00:b200:b200:1445:ad9f:7b9:8009"",""latitude"":null,""longitude"":null,""asn"":null,""countryCode"":""RO"",""countryName"":null,""state"":null,""city"":null}},{""Key"":""requestId"",""Value"":""a79d8d82-2242-4df5-8b51-28894ba36c00""},{""Key"":""correlationId"",""Value"":""ec30527f-422c-4206-9428-7e58257509a6""},{""Key"":""mitreTechniques"",""Value"":""T1078""}]","ec30527f-422c-4206-9428-7e58257509a6","2/8/2025 7:30:51 PM","172.205.146.219","c7713baf5e90a462d286c4eeab6267fcd3aad8342d6402b174cfaa8b5e4a94fc","2/8/2025 8:03:42 PM","Amsterdam","NL","Noord-Holland","a79d8d82-2242-4df5-8b51-28894ba36c00","none","unlikelyTravel","low","atRisk","offline","IdentityProtection","AzureAD","17717070","bfa7b985-aba6-465c-8999-09ab8552c400","17717070@bonacu.onmicrosoft.com",""
"signin","2/9/2025 1:32:02 PM","[{""Key"":""riskReasons"",""Value"":[""UnfamiliarASN"",""UnfamiliarBrowser"",""UnfamiliarDevice"",""UnfamiliarIP"",""UnfamiliarLocation"",""UnfamiliarEASId"",""UnfamiliarTenantIPsubnet""]},{""Key"":""userAgent"",""Value"":""Windows-AzureAD-Authentication-Provider/1.0""},{""Key"":""alertUrl"",""Value"":null},{""Key"":""mitreTechniques"",""Value"":""T1078.004""}]","80b4b0f0-dd0b-406b-bb90-9e90e61bd020","2/9/2025 1:32:02 PM","172.205.146.219","699ba29e6d42814f45e25ce6ac5ba3e483840e25432a3447865a76bdecef4a91","2/9/2025 7:20:02 PM","Amsterdam","NL","Noord-Holland","5586dee4-29d3-4fb1-a739-d76405e37f00","none","unfamiliarFeatures","medium","atRisk","realtime","IdentityProtection","AzureAD","15572568","48ea86e4-3861-432a-a2d8-feb0a41c8a17","15572568@bonacu.onmicrosoft.com",""
"signin","2/19/2025 1:53:03 PM","[{""Key"":""userAgent"",""Value"":""Windows-AzureAD-Authentication-Provider/1.0""},{""Key"":""relatedEventTimeInUtc"",""Value"":""2025-02-19T13:05:36.154775Z""},{""Key"":""relatedUserAgent"",""Value"":""""},{""Key"":""deviceInformation"",""Value"":""""},{""Key"":""relatedLocation"",""Value"":{""clientIP"":""98.209.199.163"",""latitude"":null,""longitude"":null,""asn"":null,""countryCode"":""US"",""countryName"":null,""state"":null,""city"":null}},{""Key"":""requestId"",""Value"":""a5ac173b-48d5-4f36-b4c7-f447746f2a00""},{""Key"":""correlationId"",""Value"":""35edba27-b824-4642-979b-a67655cf8f9f""},{""Key"":""mitreTechniques"",""Value"":""T1078""}]","35edba27-b824-4642-979b-a67655cf8f9f","2/19/2025 7:45:02 PM","172.205.146.219","e07f34b2bee82eaa30a1a7ece60c051b26863d56dc469a39e1ef6e8de499cb6f","2/19/2025 8:39:30 PM","Amsterdam","NL","Noord-Holland","a5ac173b-48d5-4f36-b4c7-f447746f2a00","none","unlikelyTravel","medium","atRisk","offline","IdentityProtection","AzureAD","17115268","042b4d0f-3663-4803-bd0d-cf848df68ec9","17115268@bonacu.onmicrosoft.com",""
"signin","3/4/2025 9:12:47 AM","[{""Key"":""riskReasons"",""Value"":[""UnfamiliarBrowser"",""UnfamiliarDevice"",""UnfamiliarIP"",""UnfamiliarLocation"",""UnfamiliarEASId"",""UnfamiliarTenantIPsubnet""]},{""Key"":""userAgent"",""Value"":""Mozilla/5.0 (Windows NT 10.0; Win64; x64; WebView/3.0) AppleWebKit/537.36 (KHTML, like Gecko) Chrome/70.0.3538.102 Safari/537.36 Edge/18.19044""},{""Key"":""alertUrl"",""Value"":null},{""Key"":""mitreTechniques"",""Value"":""T1078.004""}]","d2cb98d7-f9aa-4bb4-be61-31b694d40505","3/4/2025 9:12:47 AM","20.25.89.57","45e3829de535c32689444b3475e4a5777334ff4e0b83edd790856fa9727fca72","3/4/2025 9:15:21 AM","Washington","US","Virginia","0a948d83-e193-4183-8865-57f826a05500","userPassedMFADrivenByRiskBasedPolicy","unfamiliarFeatures","medium","remediated","realtime","IdentityProtection","AzureAD","17803263","c6be820c-d2b3-42d6-b9ae-f8a66cf54eb4","17803263@bonacu.onmicrosoft.com",""
"signin","3/17/2025 9:09:06 AM","[{""Key"":""riskReasons"",""Value"":[""UnfamiliarASN"",""UnfamiliarBrowser"",""UnfamiliarDevice"",""UnfamiliarIP"",""UnfamiliarLocation"",""UnfamiliarEASId"",""UnfamiliarTenantIPsubnet""]},{""Key"":""userAgent"",""Value"":""Windows-AzureAD-Authentication-Provider/1.0""},{""Key"":""alertUrl"",""Value"":null},{""Key"":""mitreTechniques"",""Value"":""T1078.004""}]","596ba792-1596-4a7c-b1ef-9485a7cab36b","3/17/2025 9:09:06 AM","172.205.146.219","eb4b6a33a8601bf680a35d044451ea0bfa3ccc1aa16834138f4d03ce15d7ab6d","3/17/2025 11:03:19 PM","Amsterdam","NL","Noord-Holland","da74ff5b-3baa-4540-b620-5bb8205b0e00","none","unfamiliarFeatures","low","atRisk","realtime","IdentityProtection","AzureAD","18680384","3d9b1eaa-59f6-4c64-831f-90dd82d04a5e","18680384@bonacu.onmicrosoft.com",""
"signin","3/26/2025 5:46:26 PM","[{""Key"":""riskReasons"",""Value"":[""UnfamiliarASN"",""UnfamiliarBrowser"",""UnfamiliarDevice"",""UnfamiliarIP"",""UnfamiliarEASId"",""UnfamiliarTenantIPsubnet""]},{""Key"":""userAgent"",""Value"":""Windows-AzureAD-Authentication-Provider/1.0""},{""Key"":""alertUrl"",""Value"":null},{""Key"":""mitreTechniques"",""Value"":""T1078.004""}]","214e6099-38ef-484d-aa1c-cab111b55e1b","3/26/2025 5:46:26 PM","172.205.146.219","c36db8893b874860a95b7403d5b98ea8bb69b2c37cadf600e363be52ca857ec8","3/26/2025 11:12:44 PM","Amsterdam","NL","Noord-Holland","9c90a4e4-9cf9-4fc0-afae-1cca6cef4c00","aiConfirmedSigninSafe","unfamiliarFeatures","low","dismissed","realtime","IdentityProtection","AzureAD","blackhat06","f71a6354-13fb-4217-9a16-2d6ff94e76f8","blackhat06@bonacu.onmicrosoft.com",""
"signin","3/26/2025 5:50:14 PM","[{""Key"":""riskReasons"",""Value"":[""UnfamiliarASN"",""UnfamiliarBrowser"",""UnfamiliarDevice"",""UnfamiliarIP"",""UnfamiliarLocation"",""UnfamiliarEASId"",""UnfamiliarTenantIPsubnet""]},{""Key"":""userAgent"",""Value"":""Windows-AzureAD-Authentication-Provider/1.0""},{""Key"":""alertUrl"",""Value"":null},{""Key"":""mitreTechniques"",""Value"":""T1078.004""}]","e34468cc-5bb9-4627-b086-4d3153e68bf5","3/26/2025 5:50:14 PM","172.205.146.219","ac4b3929b6164ac378469d0f941ded7b9b9b96a31d66d374a3eb5adcc36a3a2a","3/26/2025 11:57:17 PM","Amsterdam","NL","Noord-Holland","b85b55e2-9620-4ee8-88da-f0645f04a200","none","unfamiliarFeatures","medium","atRisk","realtime","IdentityProtection","AzureAD","blackhat02","245e1393-2529-44d6-89d2-e4a12f6be086","blackhat02@bonacu.onmicrosoft.com",""
"signin","3/26/2025 5:50:25 PM","[{""Key"":""riskReasons"",""Value"":[""UnfamiliarASN"",""UnfamiliarBrowser"",""UnfamiliarDevice"",""UnfamiliarIP"",""UnfamiliarLocation"",""UnfamiliarEASId"",""UnfamiliarTenantIPsubnet""]},{""Key"":""userAgent"",""Value"":""Windows-AzureAD-Authentication-Provider/1.0""},{""Key"":""alertUrl"",""Value"":null},{""Key"":""mitreTechniques"",""Value"":""T1078.004""}]","b5baf516-f944-4a31-abd2-0eefc9ee9410","3/26/2025 5:50:25 PM","172.205.146.219","152b7e5efa148b333407c5628a062fec39acf1a008c77092143595f88d72f050","3/26/2025 11:15:28 PM","Amsterdam","NL","Noord-Holland","b34a0bad-6b83-4883-bd12-ec045b529b00","none","unfamiliarFeatures","medium","atRisk","realtime","IdentityProtection","AzureAD","blackhat04","f1727a40-88bb-4a6e-b77b-abd4177a8d7a","blackhat04@bonacu.onmicrosoft.com",""
"signin","3/26/2025 5:46:43 PM","[{""Key"":""userAgent"",""Value"":""Windows-AzureAD-Authentication-Provider/1.0""},{""Key"":""relatedEventTimeInUtc"",""Value"":""2025-03-26T17:02:46.312173Z""},{""Key"":""relatedUserAgent"",""Value"":""""},{""Key"":""deviceInformation"",""Value"":""""},{""Key"":""relatedLocation"",""Value"":{""clientIP"":""136.226.154.80"",""latitude"":null,""longitude"":null,""asn"":null,""countryCode"":""US"",""countryName"":null,""state"":null,""city"":null}},{""Key"":""requestId"",""Value"":""4029c107-62e2-4e49-a340-fe8994663200""},{""Key"":""correlationId"",""Value"":""846f0b9d-53eb-43ad-afb6-849fd5563598""},{""Key"":""mitreTechniques"",""Value"":""T1078""}]","846f0b9d-53eb-43ad-afb6-849fd5563598","3/26/2025 10:50:44 PM","172.205.146.219","8fe3dd9cef42bec969cd61f0c8e234bece1b49040ffe294e77afdfdfee9a220b","3/26/2025 11:07:05 PM","Amsterdam","NL","Noord-Holland","4029c107-62e2-4e49-a340-fe8994663200","none","unlikelyTravel","low","atRisk","offline","IdentityProtection","AzureAD","blackhat01","7944667d-060c-48bd-8d4a-6d67e4636de7","blackhat01@bonacu.onmicrosoft.com",""
"signin","3/26/2025 5:46:26 PM","[{""Key"":""userAgent"",""Value"":""Windows-AzureAD-Authentication-Provider/1.0""},{""Key"":""relatedEventTimeInUtc"",""Value"":""2025-03-26T17:45:51.793907Z""},{""Key"":""relatedUserAgent"",""Value"":""""},{""Key"":""deviceInformation"",""Value"":""""},{""Key"":""relatedLocation"",""Value"":{""clientIP"":""83.87.203.124"",""latitude"":null,""longitude"":null,""asn"":null,""countryCode"":""NL"",""countryName"":null,""state"":null,""city"":null}},{""Key"":""requestId"",""Value"":""9c90a4e4-9cf9-4fc0-afae-1cca6cef4c00""},{""Key"":""correlationId"",""Value"":""214e6099-38ef-484d-aa1c-cab111b55e1b""},{""Key"":""mitreTechniques"",""Value"":""T1078""}]","214e6099-38ef-484d-aa1c-cab111b55e1b","3/26/2025 10:50:44 PM","172.205.146.219","6145f9a4e4d57204b16901e13dddd1277b68c8772be8306eff0b3133dc594b2","3/26/2025 11:12:44 PM","Amsterdam","NL","Noord-Holland","9c90a4e4-9cf9-4fc0-afae-1cca6cef4c00","aiConfirmedSigninSafe","unlikelyTravel","low","dismissed","offline","IdentityProtection","AzureAD","blackhat06","f71a6354-13fb-4217-9a16-2d6ff94e76f8","blackhat06@bonacu.onmicrosoft.com",""
"signin","3/27/2025 8:40:23 AM","[{""Key"":""riskReasons"",""Value"":[""UnfamiliarASN"",""UnfamiliarBrowser"",""UnfamiliarDevice"",""UnfamiliarIP"",""UnfamiliarLocation"",""UnfamiliarEASId"",""UnfamiliarTenantIPsubnet""]},{""Key"":""userAgent"",""Value"":""Windows-AzureAD-Authentication-Provider/1.0""},{""Key"":""alertUrl"",""Value"":null},{""Key"":""mitreTechniques"",""Value"":""T1078.004""}]","b4baf385-758f-496f-91f9-ca79feb90f04","3/27/2025 8:40:23 AM","172.205.146.219","c21cb940647755e8962aa5757b41e93dcfc25b1d3dd749b1ad8848fff5d63cb2","3/27/2025 5:31:47 PM","Amsterdam","NL","Noord-Holland","dd526e50-3bf4-4421-b38e-3cce8cb78900","none","unfamiliarFeatures","low","atRisk","realtime","IdentityProtection","AzureAD","18061983","70eef382-4a3c-40fa-a6bc-416e006fe954","18061983@bonacu.onmicrosoft.com",""
"signin","3/27/2025 8:40:23 AM","[{""Key"":""userAgent"",""Value"":""Windows-AzureAD-Authentication-Provider/1.0""},{""Key"":""relatedEventTimeInUtc"",""Value"":""2025-03-27T08:29:41.020448Z""},{""Key"":""relatedUserAgent"",""Value"":""""},{""Key"":""deviceInformation"",""Value"":""""},{""Key"":""relatedLocation"",""Value"":{""clientIP"":""84.227.162.244"",""latitude"":null,""longitude"":null,""asn"":null,""countryCode"":""CH"",""countryName"":null,""state"":null,""city"":null}},{""Key"":""requestId"",""Value"":""dd526e50-3bf4-4421-b38e-3cce8cb78900""},{""Key"":""correlationId"",""Value"":""b4baf385-758f-496f-91f9-ca79feb90f04""},{""Key"":""mitreTechniques"",""Value"":""T1078""}]","b4baf385-758f-496f-91f9-ca79feb90f04","3/27/2025 4:48:38 PM","172.205.146.219","998122e1ad4a4b69cec00efa86a8e8fb941f18405cf249c774f567325a41cfd3","3/27/2025 5:31:47 PM","Amsterdam","NL","Noord-Holland","dd526e50-3bf4-4421-b38e-3cce8cb78900","none","unlikelyTravel","low","atRisk","offline","IdentityProtection","AzureAD","18061983","70eef382-4a3c-40fa-a6bc-416e006fe954","18061983@bonacu.onmicrosoft.com",""
"signin","4/9/2025 2:04:20 PM","[{""Key"":""riskReasons"",""Value"":[""UnfamiliarASN"",""UnfamiliarBrowser"",""UnfamiliarDevice"",""UnfamiliarIP"",""UnfamiliarLocation"",""UnfamiliarEASId"",""UnfamiliarTenantIPsubnet""]},{""Key"":""userAgent"",""Value"":""Windows-AzureAD-Authentication-Provider/1.0""},{""Key"":""alertUrl"",""Value"":null},{""Key"":""mitreTechniques"",""Value"":""T1078.004""}]","9f6542f7-848d-4d78-b33b-98b7469f929a","4/9/2025 2:04:20 PM","172.205.146.219","898bd9ddcb058a9e3c671cf80e7de6a2ef670463d132050b4836aad20cb19ddb","4/9/2025 10:07:23 PM","Amsterdam","NL","Noord-Holland","65584e6e-49cd-47f6-82f9-4d223d9f3600","none","unfamiliarFeatures","medium","atRisk","realtime","IdentityProtection","AzureAD","15957218","a54e7419-ad0b-468c-826d-3021141f92aa","15957218@bonacu.onmicrosoft.com",""
"signin","4/9/2025 2:04:20 PM","[{""Key"":""userAgent"",""Value"":""Windows-AzureAD-Authentication-Provider/1.0""},{""Key"":""relatedEventTimeInUtc"",""Value"":""2025-04-09T14:03:19.045772Z""},{""Key"":""relatedUserAgent"",""Value"":""""},{""Key"":""deviceInformation"",""Value"":""""},{""Key"":""relatedLocation"",""Value"":{""clientIP"":""45.11.62.75"",""latitude"":null,""longitude"":null,""asn"":null,""countryCode"":""PL"",""countryName"":null,""state"":null,""city"":null}},{""Key"":""requestId"",""Value"":""65584e6e-49cd-47f6-82f9-4d223d9f3600""},{""Key"":""correlationId"",""Value"":""9f6542f7-848d-4d78-b33b-98b7469f929a""},{""Key"":""mitreTechniques"",""Value"":""T1078""}]","9f6542f7-848d-4d78-b33b-98b7469f929a","4/9/2025 9:08:36 PM","172.205.146.219","19b96205fb65447f87d99d9fbbb3d129cf4f573a79b3cd01d6098f89ad513b04","4/9/2025 10:07:23 PM","Amsterdam","NL","Noord-Holland","65584e6e-49cd-47f6-82f9-4d223d9f3600","none","unlikelyTravel","low","atRisk","offline","IdentityProtection","AzureAD","15957218","a54e7419-ad0b-468c-826d-3021141f92aa","15957218@bonacu.onmicrosoft.com",""
"signin","4/15/2025 8:15:02 AM","[{""Key"":""userAgent"",""Value"":""Mozilla/5.0 (X11; Ubuntu; Linux x86_64; rv:130.0) Gecko/20100101 Firefox/130.0""},{""Key"":""mitreTechniques"",""Value"":""T1090.003,T1078""}]","4282849e-faa7-4807-a1b6-34c2c02a1f20","4/15/2025 8:15:02 AM","194.110.115.55","202462f7af000d926b574fa347b88cdbab2ccc66668ff7068fe7680e131ce3d7","4/15/2025 8:17:25 AM","Zaventem","BE","Vlaams-Brabant","b9056e69-384a-47f3-a00c-1f32ecea4d00","aiConfirmedSigninSafe","anonymizedIPAddress","low","dismissed","realtime","IdentityProtection","AzureAD","James Thomas","48e06c3e-2adf-4964-abcd-66a8b57b6091","jthomas@bonacu.onmicrosoft.com",""
"signin","4/16/2025 6:02:45 AM","[{""Key"":""userAgent"",""Value"":""Mozilla/5.0 (X11; Ubuntu; Linux x86_64; rv:135.0) Gecko/20100101 Firefox/135.0""},{""Key"":""mitreTechniques"",""Value"":""T1090.003,T1078""}]","96be6d9c-42c5-4a2d-a05e-2d635f0fcc5c","4/16/2025 6:02:22 AM","194.110.115.19","b33d21b8abef6027cf68671b54986cea22ada67fc07b1854799cc15e476e1121","4/16/2025 6:05:34 AM","Zaventem","BE","Vlaams-Brabant","022981e6-e506-40b2-a87b-4cece4319700","userPassedMFADrivenByRiskBasedPolicy","anonymizedIPAddress","medium","remediated","realtime","IdentityProtection","AzureAD","Mary Davis","1c49dbe0-ade6-4c02-b1bd-162c3e00dbd2","davism@bonacu.onmicrosoft.com",""
"signin","4/16/2025 6:03:02 AM","[{""Key"":""userAgent"",""Value"":""Mozilla/5.0 (X11; Ubuntu; Linux x86_64; rv:135.0) Gecko/20100101 Firefox/135.0""},{""Key"":""mitreTechniques"",""Value"":""T1090.003,T1078""}]","96be6d9c-42c5-4a2d-a05e-2d635f0fcc5c","4/16/2025 6:03:02 AM","194.110.115.19","389b432d0437fa61e3524c15e462af8858f0af6b3ab429f66deddd25e203e894","4/16/2025 6:06:05 AM","Zaventem","BE","Vlaams-Brabant","99419415-88c3-4e2a-a735-6f7282d03500","userPassedMFADrivenByRiskBasedPolicy","anonymizedIPAddress","medium","remediated","realtime","IdentityProtection","AzureAD","Mary Davis","1c49dbe0-ade6-4c02-b1bd-162c3e00dbd2","davism@bonacu.onmicrosoft.com",""
"signin","4/16/2025 8:10:04 AM","[{""Key"":""userAgent"",""Value"":""Mozilla/5.0 (X11; Ubuntu; Linux x86_64; rv:130.0) Gecko/20100101 Firefox/130.0""},{""Key"":""mitreTechniques"",""Value"":""T1090.003,T1078""}]","01963da5-d9d6-790d-b7e6-813f1177b4a3","4/16/2025 8:10:04 AM","154.47.16.50","b49a8646340d01d58c6cf3d5051f9304f2d66d7a7514a75bf9ccff47da539a9c","4/16/2025 8:12:44 AM","Bogota","CO","Distrito Capital","baba0ee2-0746-42ff-a858-e92a26de0200","none","anonymizedIPAddress","medium","atRisk","realtime","IdentityProtection","AzureAD","James Thomas","48e06c3e-2adf-4964-abcd-66a8b57b6091","jthomas@bonacu.onmicrosoft.com",""
"signin","4/16/2025 8:09:13 AM","[{""Key"":""userAgent"",""Value"":""Mozilla/5.0 (X11; Ubuntu; Linux x86_64; rv:130.0) Gecko/20100101 Firefox/130.0""},{""Key"":""mitreTechniques"",""Value"":""T1090.003,T1078""}]","01963da5-1c35-705f-8308-bd9b1ea9fc19","4/16/2025 8:09:13 AM","154.47.16.50","187e85ac10f4ce86a5ef68f4a78eebe294c19c9d01df4bbf01df719d0ffbbc94","4/16/2025 8:12:20 AM","Bogota","CO","Distrito Capital","c49c0f2a-b687-4e36-9e1b-a338d2ae4b00","none","anonymizedIPAddress","medium","atRisk","realtime","IdentityProtection","AzureAD","James Thomas","48e06c3e-2adf-4964-abcd-66a8b57b6091","jthomas@bonacu.onmicrosoft.com",""
"signin","4/16/2025 8:10:55 AM","[{""Key"":""userAgent"",""Value"":""Mozilla/5.0 (X11; Ubuntu; Linux x86_64; rv:130.0) Gecko/20100101 Firefox/130.0""},{""Key"":""mitreTechniques"",""Value"":""T1090.003,T1078""}]","01963da6-a8ef-73dd-b69d-1b6382273805","4/16/2025 8:10:55 AM","154.47.16.50","cdcff16486e6b2a590e8624af07bf1a0e48dc4119c7de1dcafd367eb7a62a563","4/16/2025 8:13:01 AM","Bogota","CO","Distrito Capital","15b470b6-f382-4c6b-a0cc-1a385aabae00","none","anonymizedIPAddress","medium","atRisk","realtime","IdentityProtection","AzureAD","James Thomas","48e06c3e-2adf-4964-abcd-66a8b57b6091","jthomas@bonacu.onmicrosoft.com",""
"signin","4/16/2025 8:38:19 AM","[{""Key"":""userAgent"",""Value"":""Mozilla/5.0 (X11; Ubuntu; Linux x86_64; rv:135.0) Gecko/20100101 Firefox/135.0""},{""Key"":""mitreTechniques"",""Value"":""T1090.003,T1078""}]","7c94c0d6-186d-44d4-9251-2ad281e8bd6f","4/16/2025 8:38:19 AM","154.47.16.42","b29f65d7c2cb32c96be17f521aaddc5e676e9682f2b8ff7ba6a9b5cedda9ef38","4/16/2025 8:40:03 AM","Bogota","CO","Distrito Capital","b6b856e7-19af-4541-860b-f95b5c021700","userPassedMFADrivenByRiskBasedPolicy","anonymizedIPAddress","medium","remediated","realtime","IdentityProtection","AzureAD","James Thomas","48e06c3e-2adf-4964-abcd-66a8b57b6091","jthomas@bonacu.onmicrosoft.com",""
"signin","4/16/2025 8:50:50 AM","[{""Key"":""userAgent"",""Value"":""Mozilla/5.0 (X11; Ubuntu; Linux x86_64; rv:135.0) Gecko/20100101 Firefox/135.0""},{""Key"":""mitreTechniques"",""Value"":""T1090.003,T1078""}]","2979bce9-cd26-46ca-8b38-416f62ede010","4/16/2025 8:50:50 AM","154.47.16.42","53d02e3640871c183eaff65c5272b129f66f51f457c0956d1a257cd00f65240b","4/16/2025 8:52:57 AM","Bogota","CO","Distrito Capital","36791576-c83e-457a-a96a-f7e3525d0400","userPassedMFADrivenByRiskBasedPolicy","anonymizedIPAddress","medium","remediated","realtime","IdentityProtection","AzureAD","James Thomas","48e06c3e-2adf-4964-abcd-66a8b57b6091","jthomas@bonacu.onmicrosoft.com",""
"signin","4/16/2025 8:53:27 AM","[{""Key"":""userAgent"",""Value"":""Mozilla/5.0 (X11; Ubuntu; Linux x86_64; rv:135.0) Gecko/20100101 Firefox/135.0""},{""Key"":""mitreTechniques"",""Value"":""T1090.003,T1078""}]","67797b32-43a5-4534-a4f4-e1a9bf31b036","4/16/2025 8:53:27 AM","154.47.16.42","6578dca22740b7c0bb5b382a4c47ea15460c47f45fed233b9cb0a98413398e7a","4/16/2025 8:56:45 AM","Bogota","CO","Distrito Capital","dc9a0936-243b-44fd-b416-de4494ca0500","userPassedMFADrivenByRiskBasedPolicy","anonymizedIPAddress","medium","remediated","realtime","IdentityProtection","AzureAD","James Thomas","48e06c3e-2adf-4964-abcd-66a8b57b6091","jthomas@bonacu.onmicrosoft.com",""
